{"cameraMode":{"drawMode":0,"name":"Shaded","section":"Shading Mode"},"sceneLighting":false,"audioPlay":false,"sceneViewState":{"m_AlwaysRefresh":false,"showFog":true,"showSkybox":false,"showFlares":true,"showImageEffects":true,"showParticleSystems":true,"showVisualEffectGraphs":true,"m_FxEnabled":true},"in2DMode":false,"pivot":{"x":0.025310415774583818,"y":-0.629637598991394,"z":11.739458084106446},"rotation":{"x":0.12746284902095796,"y":0.0014834677567705513,"z":-0.0001904822129290551,"w":0.9918493032455444},"size":2.970207452774048,"orthographic":false}