{"cameraMode":{"drawMode":0,"name":"Shaded","section":"Shading Mode"},"sceneLighting":false,"audioPlay":false,"sceneViewState":{"m_AlwaysRefresh":false,"showFog":true,"showSkybox":false,"showFlares":true,"showImageEffects":true,"showParticleSystems":true,"showVisualEffectGraphs":true,"m_FxEnabled":true},"in2DMode":false,"pivot":{"x":0.35499143600463869,"y":0.04642891883850098,"z":10.522037506103516},"rotation":{"x":-0.03717993572354317,"y":0.010488186031579972,"z":0.0003902716562151909,"w":0.9992603659629822},"size":2.334533214569092,"orthographic":false}